"Star_code";"star";"DISTANCE (LIGHTYEARS)";"Effective Temperature";"Relative Mass";"STAR RADIUS";"LUMINOSITY";"stellar type"
2654;"Van Diemen";53,046;4836;0,6;0,89;0,53;"K2V"
16;"Accrington";145,319;3940;0,5;0,94;0,36;"K0V"
2191;"Rushaven";518,464;2942;0,2;0,16;0,01;"M3V"
158;"Apriki";211,528;4255;0,5;0,71;0,19;"K5V"
1301;"Kashilla";201,159;2680;0,3;0,62;0,06;"M5V"
2436;"Sumy";291,709;3548;0,1;NA;0,04;"M0V"
1807;"Nekkar";134,329;3191;0,3;0,33;0,04;"M2V"
1488;"Liezen";380,778;3141;0,3;0,5;0,05;"M1V"
1426;"Kurvasa";353,826;5484;0,9;1,14;0,76;"G5V"
220;"Avior";200,721;3059;0,2;0,64;0,02;"M3V"
814;"Epsilon Indi";33,089;3100;0,1;0,16;0,04;"M4V"
1212;"Isabela";363,563;5219;1;0,98;1,32;"G5V"
2902;"Fronc";517,355;3206;0,4;0,18;NA;"M2V"
1969;"Paf";475,183;4509;0,8;0,86;0,28;"K3V"
2479;"Tangipahoa";589,739;4114;0,8;0,94;0,42;"K2V"
2749;"Westfield";259,004;2968;0,3;0,33;0,06;"M4V"
1653;"Medzev";259,667;2759;0,1;0,18;0,06;"M5V"
1284;"Kalmar";309,746;4685;0,5;0,74;0,36;"K2V"
2078;"Prydain";365,823;3174;0,4;0,08;0,05;"M3V"
1276;"Kaguyak";379,567;3715;0,7;0,9;0,25;"K7V"
1720;"Mirage";475,355;2447;0,4;0,58;0,03;"M0V"
1237;"Jarett";427,535;2968;0,2;0,19;0,03;"M2V"
299;"Benedict";473,428;4431;0,6;0,7;0,45;"K2V"
1281;"Kakada";315,939;4512;0,5;0,91;0,38;"K3V"
3132;"Cephei";693,324;3786;0,7;0,86;0,39;"K7V"
2144;"Repulse";397,433;2920;0,3;0,49;0,07;"M2V"
1625;"Matheran";182,637;5648;1;1,03;1,14;"G2V"
226;"Ayacucho";406,765;5340;1;1,03;NA;"G2V"
2515;"Teniente";359,19;4139;0,5;0,89;0,14;"K2V"
2558;"Togura";271,847;2647;0,3;0,63;0,08;"M2V"
1446;"Lambrecht";59,143;4688;0,5;NA;0,23;"K3V"
899;"Frazer";357,633;2489;0,3;NA;0,08;"M3V"
224;"Awyron";489,679;2857;0,2;0,41;0,08;"M2V"
3050;"Fröislandis";1466,288;3956;0,5;0,83;0,42;"K7V"
2256;"Scheat";173,645;3193;0,3;0,58;0,01;"M3V"
665;"Darwendale";407,791;3456;0,4;0,47;0,02;"M0V"
1439;"Labrea";353,792;2911;0,3;0,21;0,06;"M2V"
1138;"Hortense";508,989;2511;0,2;0,51;0,01;"M2V"
752;"Dunianshire";504,089;2927;0,1;0,57;0,05;"M5V"
273;"Batajnica";388,383;5257;1;1,07;1,16;"G4V"
882;"Fletcher";220,627;2799;0,2;0,58;0,02;"M5V"
2719;"Wappingers";290,103;3527;0,3;0,37;0,06;"M1V"
2481;"Tanh Linh";249,237;2635;0,4;0,21;0,07;"M5V"
1752;"Monywa";438,588;2575;0,2;0,24;0,04;"M5V"
1249;"Jesenice";438,084;2658;0,3;0,6;NA;"M4V"
281;"Beaumont";585,296;2744;0,2;0,22;0,01;"M4V"
1774;"Muridox";396,698;5449;0,8;1,14;1,16;"G4V"
3147;"Taygete";482,001;2816;0,2;0,19;0,06;"M1V"
1875;"Niops";457,325;4356;NA;0,72;0,29;"K2V"
2917;"Placida";504,699;3230;0,3;0,15;0,04;"M3V"
1372;"Kladnitsa";433,642;2467;0,1;0,62;0,05;"M4V"
865;"Fetsund";507,533;2496;0,2;0,54;0,04;"M1V"
1600;"Marantha";444,821;2936;0,2;0,7;0,07;"M4V"
217;"Avawatz";167,53;2659;0,3;0,55;0,08;"M0V"
2062;"Premana";371,655;2492;0,4;0,3;0,03;"M6V"
1349;"Kilarney";334,515;4294;0,5;NA;0,26;"K3V"
676;"Dehgolan";199,071;2858;0,3;0,46;0,07;"M4V"
1504;"Lockdale";40,357;2793;0,1;0,35;0,05;"M5V"
3063;"The Eyes in the Dark";982,065;2531;0,2;0,08;0,03;"M1V"
1549;"Ma'anshan";475,076;3977;0,6;0,77;0,35;"K6V"
1810;"Nestor";172,538;4256;0,8;0,79;0,38;"K0V"
2739;"Weisau";400,274;3160;0,4;0,4;0,02;"M2V"
3036;"Transfer Facility 4";730,482;2733;0,1;0,58;0,05;"M2V"
2891;"Cogdell";540,747;2498;0,3;0,22;0,02;"M8V"
517;"Champadanga";438,825;5385;1;1,01;1,27;"G2V"
2395;"Staffin";207,096;2752;0,2;0,08;0,07;"M3V"
2048;"Pollux";35,173;4919;0,7;0,92;0,44;"K1V"
1183;"Ilmachna";108,502;3811;0,6;0,85;NA;"K6V"
2199;"Sabhal Mòr Ostaig";347,253;2507;0,4;0,63;0,01;"M4V"
2772;"Woodbine";504,241;5602;1;1,08;1,14;"G2V"
3044;"Wolf Orbital 82";691,654;2459;0,1;NA;0,07;"M6V"
2174;"Ronel";95,676;4228;0,6;0,85;0,38;"K5V"
1713;"Mindrel";585,474;3807;NA;0,83;0,59;"K7V"
2512;"Tematagi";380,055;5704;1;1,05;1,33;"G3V"
2064;"Pressville";645,184;2494;0,1;0,23;0,04;"M5V"
3069;"Ksabi";1045,343;2817;0,4;0,21;0,04;"M3V"
1185;"Ilzra";397,87;2577;0,4;0,25;0,05;"M7V"
1574;"Maldive";389,842;3301;0,1;0,57;0,03;"M2V"
2584;"Trimaldix";586,71;2969;0,3;0,28;NA;"M5V"
1043;"Halmyre Deans";159,641;2441;0,3;0,24;0,08;"M3V"
992;"Grand Base";302,397;2583;0,1;0,21;0,03;"M3V"
460;"Candiear";466,233;5571;0,9;1,07;1,26;"G4V"
1475;"Leipsic";324,924;3066;0,4;0,34;0,03;"M2V"
1368;"Kitopler";439,384;2528;0,3;0,7;0,02;"M4V"
2790;"Yamarovka";296,32;3138;0,1;0,17;0,05;"M0V"
1817;"New Bergen";403,412;5375;0,8;1,02;0,74;"G2V"
1473;"Leganes";178,124;3054;0,2;0,21;NA;"M3V"
438;"Caldwell";465,142;2995;0,1;0,56;0,01;"M2V"
2938;"Brim";1768,735;2843;0,1;0,43;0,05;"M3V"
2705;"Vosloorus";323,699;2527;0,2;0,61;0,03;"M3V"
2566;"Torgvei";580,193;4515;0,6;0,8;0,37;"K2V"
2229;"Santana";326,08;5456;0,9;1,15;0,78;"G5V"
128;"Andarmax";386,507;2417;0,4;0,29;0,02;"M3V"
1050;"Hanover";400,763;2589;0,3;0,28;0,02;"M3V"
429;"Caerlaverock";490,109;2713;0,3;0,32;0,02;"M3V"
2582;"Tresspass";589,45;2458;0,3;0,49;0,01;"M8V"
1192;"Inchicore";362,448;5492;0,8;1,07;0,9;"G5V"
1541;"Luxen";504,406;2632;0,3;0,57;0,01;"M7V"
2027;"Pike";44,113;2478;0,2;0,1;0,05;"M8V"
596;"Cordiagr";192,582;4328;0,5;0,87;0,4;"K2V"
3167;"Fell Wind";1301,092;2962;0,1;0,47;0,02;"M2V"
673;"Declan";363,446;2774;0,2;0,64;0,06;"M2V"
1512;"Lonaconing";454,76;2874;0,3;0,52;0,04;"M5V"
52;"Alarion";348,457;2519;0,2;0,7;0,02;"M3V"
2551;"Tintavel";262,893;2407;0,3;0,26;0,01;"M6V"
1977;"Pangkalan";441,984;3359;0,3;0,23;0,07;"M2V"
1346;"Kievanur";162,242;3360;0,2;0,25;0,07;"M1V"
2829;"Zebuluraskai";671,835;3075;0,4;0,63;0,07;"M1V"
1429;"Kvistgard";365,517;3001;0,4;NA;0,06;"M3V"
666;"David";141,399;2850;0,2;NA;0,02;"M5V"
3165;"Tiburon";511,602;3989;0,5;0,83;0,16;"K7V"
3017;"Attenbrooks";988,69;2571;0,3;0,18;0,02;"M2V"
681;"Delavan";286,153;2417;0,3;0,43;0,06;"M5V"
1248;"Jeronimo";386,691;5637;0,9;0,98;0,69;"G4V"
2817;"Zaniah";102,889;3012;0,2;0,21;NA;"M2V"
1469;"Layover";205,173;4088;0,7;0,95;0,51;"K5V"
2944;"Grant's Station";1836,562;2663;0,2;0,13;0,02;"M5V"
2006;"Pella";229,061;2596;0,2;0,38;0,04;"M7V"
1253;"Jilin";115,103;3406;0,1;0,21;0,02;"M2V"
2583;"Triesting";398,404;2656;0,2;0,09;0,02;"M3V"
2981;"Anklan";1163,436;3752;0,7;0,9;0,35;"K7V"
2933;"Eden";1619,256;2558;0,3;0,62;0,05;"M3V"
2984;"Braunschweig";1093,747;2697;NA;0,33;0,04;"M5V"
1211;"Irurzun";210,953;2719;0,2;0,11;0,04;"M2V"
715;"Dieudonné";79,556;4371;0,7;0,85;0,37;"K1V"
331;"Birqash";383,362;2867;0,1;0,34;0,02;"M5V"
463;"Cap Rouge";331,598;2567;0,4;0,61;0,07;"M5V"
94;"Alshain";284,884;2448;0,2;NA;0,03;"M5V"
1220;"Ito";275,684;2419;0,2;0,46;0,04;"M7V"
2152;"Richvale";326,784;2477;0,3;0,58;0,06;"M8V"
2205;"Safe Port";316,904;3253;0,3;0,44;0,08;"M2V"
1773;"Murchison";77,291;3138;0,4;0,11;0,07;"M3V"
2802;"Yorii";22,621;3276;0,1;0,27;0,06;"M2V"
3119;"Nebula D77";1947,238;2424;0,3;0,68;0,04;"M7V"
2655;"Vandalia";482,258;3836;0,7;0,75;0,46;"K6V"
84;"Alnadal";158,599;3775;0,8;0,89;0,15;"K0V"
2187;"Ruchbah";61,744;2470;0,3;0,58;0,02;"M8V"
2804;"Ype-Jhu";688,329;2734;NA;NA;0,05;"M2V"
1313;"Kawich";61,332;2617;0,4;0,63;0,02;"M5V"
3074;"Tadjoura";1010,802;5621;1;0,99;0,97;"G2V"
2008;"Penobscot";336,077;5494;0,8;1,03;0,67;"G4V"
2148;"Rexburg";211,395;4619;0,6;0,83;0,1;"K0V"
2213;"Sakuranoki";324,442;3204;0,4;0,34;0,04;"M2V"
324;"Biegga";426,852;3566;0,3;0,48;0,04;"M0V"
1375;"Klayne";242,665;2577;0,4;0,19;0,07;"M7V"
2606;"Turtle Bay";429,02;2786;0,3;0,51;0,06;"M2V"
2924;"Spitz";482,731;2856;NA;0,36;0,01;"M2V"
2137;"Remulac";83,067;2438;0,2;0,65;0,03;"M2V"
954;"Gillfillan's Gold";488,659;3824;0,5;0,75;0,09;"K5V"
2328;"Sichuan";114,02;2510;0,4;0,6;0,05;"M8V"
1105;"Hexare";235,219;2516;0,3;0,63;0,01;"M8V"
2827;"Zebeneschamali";119,098;4092;0,7;0,93;0,11;"K5V"
244;"Ballad";537,639;3143;0,4;0,44;0,07;"M1V"
3040;"Trelleborg";927,031;4540;0,5;0,89;0,41;"K3V"
3035;"Theta Carinae Cluster";522,287;2691;0,4;0,56;0,04;"M3V"
413;"Bucklands";464,408;3010;0,2;0,29;0,05;"M1V"
717;"Dijonne";537,835;2630;0,1;0,19;0,06;"M7V"
268;"Basiliano";343,42;3069;0,3;0,61;0,07;"M0V"
562;"Cirebon";301,512;3057;0,3;0,67;0,04;"M2V"
2869;"Lordinax";500,631;3029;0,1;0,09;0,05;"M3V"
2392;"St. John";401,099;3803;0,7;0,74;0,3;"K2V"
1406;"Koumi";262,482;2620;0,1;0,43;0,05;"M7V"
1083;"Helen";58,324;3253;0,2;0,07;0,01;"M1V"
583;"Conakry";342,513;4239;0,7;0,89;0,54;"K0V"
1943;"Oporto";545,053;3333;0,4;0,24;0,01;"M2V"
2179;"Rosetta";515,238;2752;0,3;0,37;0,02;"M5V"
1754;"Moravian";171,522;2737;0,3;0,32;0,04;"M1V"
1660;"Meilen";227,712;2438;0,2;0,37;0,08;"M3V"
3021;"Epsilon Pegasus";725,437;5412;1;1,15;0,96;"G2V"
2857;"Algenib";579,783;2792;0,2;0,23;0,04;"M4V"
2657;"Vangburg";669,876;3132;0,4;0,33;0,03;"M3V"
1191;"Inarcs";448,404;2669;NA;0,33;0,04;"M3V"
2753;"Wheel";266,662;2793;NA;0,07;0,04;"M2V"
1862;"Newton";318,878;2596;0,3;0,56;0,04;"M4V"
2245;"Sartu";453,73;2973;0,4;0,69;NA;"M4V"
3129;"Ålborg";744,608;2401;0,3;0,52;0,04;"M8V"
15;"Acamar";55,235;2441;0,3;0,13;0,01;"M2V"
2390;"St. Gall";115,273;4128;0,5;0,89;0,39;"K2V"
409;"Brusett";409,833;3651;0,4;0,1;0,06;"M0V"
1054;"Hardcore";513,072;2455;0,4;0,38;0,05;"M1V"
2100;"Quines";763,865;3234;0,1;0,7;0,05;"M3V"
820;"Eschenberg";235,12;4861;NA;0,92;0,39;"K2V"
88;"Alphard";83,559;2920;0,1;0,54;0,03;"M5V"
643;"Cyrton";500,424;2779;0,3;0,52;0,05;"M3V"
1438;"Labouchere";264,076;2492;0,3;0,45;NA;"M4V"
739;"Dreadlord";586,05;4166;0,7;0,79;0,45;"K6V"
811;"Eom";192,634;5309;1;1,07;NA;"G2V"
140;"Ankaa";75,281;3067;0,2;0,11;0,03;"M3V"
297;"Bellevue";333,059;2761;0,2;0,36;0,04;"M1V"
495;"Catroxx";97,864;3975;0,5;0,77;0,48;"K2V"
368;"Bordon";71,374;2923;0,1;0,16;0,05;"M3V"
2257;"Schedar";119,763;2710;0,1;0,25;0,03;"M3V"
1255;"Jodipur";475,603;3802;0,7;0,79;0,45;"K5V"
2324;"Shuen Wan";222,43;2465;0,4;0,25;0,08;"M2V"
2437;"Sun Prairie";326,464;2655;0,1;0,47;0,04;"M3V"
2818;"Zanzibar";383,913;3859;0,5;0,95;0,32;"K2V"
110;"Alya";100,16;2515;0,3;0,5;0,05;"M2V"
2685;"Victralla";442,245;4304;0,5;0,79;0,57;"K5V"
1683;"Merlin";402,312;2588;0,3;0,19;0,01;"M4V"
780;"El Dorado";303,414;3884;0,6;0,71;0,21;"K2V"
996;"Gravenhage";523,765;2964;0,1;0,63;0,06;"M5V"
1140;"Housekarle";278,876;2836;NA;0,21;0,06;"M1V"
523;"Charity";411,035;2483;0,1;0,35;0,04;"M4V"
3060;"St. Andreas";687,948;4618;0,5;0,83;0,11;"K0V"
2579;"Trellisane";257,235;3710;0,6;0,96;0,46;"K5V"
461;"Canonbie";139,28;3982;0,5;0,76;0,14;"K2V"
2424;"Sturgis";422,565;3187;0,3;0,15;0,06;"M3V"
2861;"Ballalaba";534,599;3036;0,2;0,68;0,06;"M0V"
1177;"Iknogoro";253,443;3988;0,6;0,83;0,28;"K7V"
387;"Bremen";580,875;4166;0,8;0,81;0,34;"K6V"
1133;"Hood";456,982;3184;0,4;0,32;0,04;"M2V"
1663;"Meinrad";401,763;2472;0,4;0,44;0,02;"M8V"
2667;"Vega";106,677;3096;0,1;0,54;0,02;"M2V"
412;"Buchlau";98,187;3796;0,7;0,95;0,17;"K3V"
332;"Bismarck";361,105;2933;0,3;0,61;0,02;"M2V"
2916;"Oscar";710,665;5262;0,9;1,14;0,77;"G4V"
404;"Brookeland";445,817;3043;0,2;0,64;0,06;"M4V"
2309;"Shimoda";373,881;3261;0,4;0,1;0,02;"M2V"
968;"Glentworth";341,741;2901;0,3;0,38;0,05;"M4V"
2403;"Steeles";324,294;2707;0,1;0,42;0,02;"M3V"
278;"Bayeux";554,429;2679;0,2;0,68;0,02;"M7V"
194;"Ashley";349,468;5490;1;1,05;1,4;"G2V"
335;"Bjarred";475,666;4538;NA;0,82;0,6;"K2V"
2141;"Renown";400,062;2942;0,2;0,33;0,05;"M4V"
1580;"Manaus";392,141;2812;0,4;0,6;0,02;"M3V"
488;"Cascade";228,139;4727;0,7;0,78;0,56;"K0V"
1722;"Mishkadrill";517,048;3719;0,7;0,77;0,16;"K0V"
3098;"Halkidik";1002,899;2864;0,3;0,66;0,05;"M5V"
2586;"Tripoli";206,455;2733;0,2;0,12;0,05;"M4V"
1113;"Hinckley";463,02;4019;0,6;0,72;0,24;"K0V"
2404;"Steelton";435,374;4217;0,6;0,91;0,11;"K2V"
2235;"Sappho";247,99;2540;0,2;0,1;0,03;"M5V"
414;"Buckminster";155,649;2422;0,4;0,21;0,01;"M3V"
1964;"Ovan";208,056;3489;0,1;0,35;0,03;"M0V"
1802;"Nathan";83,274;2487;0,3;NA;0,05;"M4V"
760;"Dyev";41,191;3865;0,7;0,78;0,56;"K5V"
1699;"Midkiff";227,922;4396;0,6;0,81;0,27;"K2V"
2867;"Lindassa";521,901;2532;0,1;0,25;0,08;"M5V"
3157;"Nuncavoy";448,099;4146;0,6;0,78;0,42;"K5V"
1633;"Maxie's Planet";401,267;4554;0,5;0,9;0,11;"K1V"
1251;"Jezersko";380,237;5315;0,8;0,97;0,65;"G2V"
1457;"Lapida";123,994;2472;0,3;0,36;0,02;"M5V"
233;"Bacum";329,193;3154;0,4;0,68;0,06;"M2V"
2124;"Rastaban";264,981;2432;0,3;0,18;0,04;"M1V"
2628;"Undra";162,402;2462;0,2;0,14;0,02;"M4V"
425;"Byesville";360,972;3725;0,7;0,94;NA;"K4V"
1711;"Minakuchi";132,873;2863;0,4;0,12;0,04;"M3V"
1166;"Ibstock";104,048;2626;0,2;0,23;NA;"M7V"
2277;"Sendai";177,645;2839;0,4;0,48;0,05;"M2V"
1084;"Heliat";501,374;2542;0,4;0,09;0,05;"M6V"
390;"Breukelen";166,583;2638;0,3;0,39;0,02;"M5V"
694;"Des Arc";503,544;2777;0,2;0,63;0,04;"M6V"
587;"Conquista";307,25;3787;0,7;0,86;0,11;"K2V"
1551;"Machida";402,127;4855;0,8;0,75;0,56;"K2V"
2612;"Ubangi";563,399;2442;0,1;0,5;0,07;"M1V"
1615;"Marlette";160,857;4016;0,5;0,89;0,11;"K5V"
620;"Crellacor";477,107;3864;0,6;0,9;0,4;"K7V"
825;"Estuan";501,303;3085;NA;0,45;0,03;"M0V"
1927;"Ohrensen";122,845;3536;0,4;NA;0,01;"M1V"
266;"Basalt";72,239;2561;0,4;0,36;0,02;"M5V"
1787;"Nahoni";316,006;2813;NA;0,49;0,02;"M6V"
1827;"New Exford";279,265;3879;0,6;0,85;0,21;"K2V"
1269;"June";484,247;2853;0,1;0,61;0,04;"M1V"
444;"Callisto";199,615;2623;0,3;0,13;0,05;"M5V"
3124;"Star Cluster 752";1375,885;4356;0,5;0,79;0,51;"K2V"
2834;"Zertarum";479,723;2663;0,3;0,64;0,02;"M3V"
1595;"Mansu-ri";271,308;5580;0,8;1,03;0,71;"G2V"
2065;"Preston";214,442;4437;0,6;0,82;0,4;"K4V"
2571;"Totness";686,633;3243;0,3;0,49;0,01;"M2V"
2024;"Piedmont";111,134;3739;0,7;0,8;0,2;"K2V"
1642;"McGehee";338,724;4197;0,6;0,76;0,18;"K5V"
2308;"Shiloh";88,289;2786;0,1;0,08;0,03;"M3V"
2158;"Risin";533,718;2562;0,3;0,39;0,04;"M4V"
1692;"Metter";542,192;2443;0,4;0,08;0,04;"M7V"
363;"Bonneau";429,618;3977;0,7;0,77;0,2;"K0V"
1100;"Herotitus";434,101;2644;0,4;0,54;0,04;"M5V"
1838;"New Kyoto";126,283;3146;0,4;0,58;0,05;"M3V"
1532;"Ludwig";179,422;4078;0,6;0,84;0,57;"K6V"
910;"Furud";285,24;2678;0,2;0,48;0,07;"M5V"
2950;"Kirin";1837,467;3864;0,5;0,86;0,57;"K0V"
2151;"Richmond";473,853;3125;NA;0,37;0,04;"M3V"
1321;"Kek";185,746;5409;0,9;1,01;1,07;"G5V"
3109;"Fager";1594,56;4053;0,5;0,85;0,49;"K1V"
1778;"Muscida";229,603;2853;0,4;0,11;0,06;"M1V"
1747;"Montcoal";299,652;2904;0,2;0,28;0,04;"M3V"
1519;"Lost";486,001;2880;0,4;0,16;NA;"M2V"
1662;"Meinhof";245,699;2922;0,2;0,39;0,01;"M3V"
2811;"Zalt";706,871;3387;0,3;0,36;0,08;"M2V"
1608;"Marielund";557,72;2715;0,2;0,11;0,07;"M6V"
1611;"Marisura";481,775;2499;0,3;0,13;0,04;"M5V"
994;"Grankum";640,99;3119;0,2;0,6;0,07;"M4V"
2073;"Project Libra Umbrella";545,104;3213;0,3;0,61;0,04;"M2V"
2183;"Royal";226,948;5463;0,9;1,08;0,73;"G5V"
2098;"Quimper";449,443;2630;NA;0,69;0,05;"M5V"
3;"Abadan";118,958;3296;0,1;0,3;0,06;"M1V"
329;"Biota";275,291;3213;0,3;0,5;0,07;"M1V"
1983;"Parakoila";348,886;2919;0,3;0,51;0,07;"M2V"
170;"Arganda";158,986;3268;0,3;NA;0,06;"M2V"
1066;"Hastur";410,805;4663;0,6;0,92;0,17;"K3V"
2923;"Sonnia";130,475;3361;0,2;0,54;0,04;"M2V"
1505;"Lockton";453,745;3757;0,5;NA;0,51;"K6V"
626;"Cronulla";253,18;3394;0,3;0,68;0,03;"M2V"
2591;"Trznadel Cluster";485,686;3224;0,3;0,28;0,04;"M1V"
25;"Addasar";517,358;2572;0,3;0,58;0,07;"M2V"
2882;"Albiero";387,205;4299;0,5;0,92;0,12;"K5V"
1709;"Milton";64,432;2511;0,2;0,3;0,07;"M7V"
1786;"Nagel";471,013;2719;NA;0,67;0,07;"M6V"
1517;"Loric";233,599;2572;0,1;0,65;0,02;"M7V"
1968;"Paches";210,407;3745;0,7;0,86;0,17;"K7V"
2622;"Ulubis";607,488;2685;0,2;NA;0,02;"M6V"
911;"Futuna";283,493;2789;0,1;0,16;NA;"M5V"
1306;"Kaufermann";418,118;5802;1;1,13;0,75;"G2V"
2322;"Shoreham";250,439;2672;NA;0,29;0,07;"M7V"
1096;"Here";469,486;3105;0,4;0,25;0,07;"M2V"
2947;"Hoard";1880,135;4351;0,8;0,83;0,54;"K0V"
68;"Algedi";115,663;4334;0,8;0,86;0,08;"K5V"
2389;"St. Cyr";521,765;4169;NA;0,85;0,24;"K3V"
556;"Chupadero";442,645;5467;1;1,04;1,49;"G5V"
1454;"Land's End";518,428;3932;0,5;0,96;0,49;"K3V"
151;"Aodh";199,42;2644;0,3;0,45;NA;"M6V"
1435;"La Blon";79,491;5689;0,9;0,98;1,49;"G2V"
2920;"Rezak's Hole";538,627;3810;0,7;0,71;0,58;"K3V"
1999;"Pavia";129,881;2467;0,2;0,33;0,01;"M8V"
2061;"Predlitz";357,288;3241;0,2;0,36;0,04;"M2V"
2846;"Zortman";226,331;5493;0,9;1,03;1,03;"G4V"
2633;"Unzmarkt";364,943;3713;0,8;0,74;0,43;"K3V"
498;"Cayuga";585,275;3855;0,6;NA;0,43;"K0V"
1142;"Howrah";355,35;2420;0,2;0,09;0,04;"M3V"
2544;"Tigress";80,316;3891;0,6;0,76;0,1;"K3V"
3055;"Kazlam";1632,489;2520;0,2;0,39;0,06;"M3V"
950;"Gibbs";255,686;4931;0,6;0,75;0,26;"K0V"
1697;"Mickleover";594,626;4405;0,7;0,73;0,21;"K4V"
2842;"Zlatousi";480,441;4078;0,7;0,88;NA;"K6V"
343;"Blida";293,304;4160;0,6;0,85;0,49;"K5V"
2474;"Tamar";315,239;2406;0,2;0,34;0,04;"M0V"
2841;"Zion";84,669;5374;0,9;1;0,79;"G5V"
2702;"Vorarlberg";304,652;2825;0,3;0,11;0,06;"M3V"
1299;"Karston";277,256;5465;0,8;0,96;1;"G5V"
904;"Fronde";251,67;3727;0,6;0,73;NA;"K2V"
3121;"Rim Worlds Republic Outpost #11";1635,14;3367;0,3;0,22;0,06;"M1V"
1209;"Irian";73,114;2997;0,3;0,39;0,06;"M2V"
691;"Denizli";365,293;4180;0,5;0,75;0,11;"K3V"
19;"Achton";660,516;3209;0,4;0,64;0,05;"M0V"
1110;"Hildaman";192,933;3885;0,6;0,93;0,11;"K5V"
190;"Asgard";294,792;2574;0,3;0,08;0,02;"M7V"
1681;"Mercedes";408,409;3772;0,5;NA;0,48;"K5V"
483;"Carse";239,579;2942;0,3;0,07;0,02;"M3V"
210;"Augusta";299,14;2796;0,4;0,63;0,06;"M4V"
1385;"Kogl";396,438;2652;0,2;0,59;0,03;"M2V"
2564;"Tongatapu";222,053;2481;0,2;0,35;0,07;"M6V"
1649;"Mearra";559,397;4822;0,6;0,85;0,51;"K0V"
407;"Bruben";388,51;2449;0,4;0,56;0,05;"M5V"
384;"Braum";332,168;2406;0,2;0,16;0,08;"M4V"
2469;"Talitha";48,665;3910;0,7;0,88;0,21;"K2V"
1540;"Luxani";497,15;3781;0,6;0,85;0,47;"K3V"
1216;"Islamabad";409,89;3101;0,3;0,59;NA;"M3V"
2387;"Spittal";349,575;2657;0,4;0,33;NA;"M6V"
660;"Dansur";323,89;2758;0,3;0,17;0,03;"M3V"
2362;"Smolensk";220,579;2900;0,2;0,22;0,06;"M1V"
391;"Brighton";215,403;3266;0,4;0,61;0,01;"M2V"
2550;"Tinaca";282,675;2419;0,3;0,17;0,06;"M1V"
1265;"Joyz";468,364;2709;0,1;0,28;0,06;"M3V"
1150;"Huesta";433,301;2674;0,3;0,64;0,08;"M2V"
1740;"Molino";479,669;2956;0,3;0,59;0,07;"M4V"
1494;"Ling";128,8;2846;NA;0,55;0,07;"M3V"
3034;"Suda Bay";978,854;4926;0,5;0,91;0,45;"K1V"
860;"Ferihegy";422,235;5652;0,9;1,1;0,63;"G2V"
2666;"Veckholm";169,866;2491;0,3;0,32;0,07;"M8V"
2381;"Soverzene";328,893;3151;0,3;0,29;0,06;"M0V"
3081;"SLSC A0V.4900";1008,835;4109;0,7;0,94;0,08;"K0V"
3169;"Graystone";1255,592;2682;0,1;0,5;0,07;"M5V"
1798;"Narellan";305,878;2422;0,2;0,57;0,05;"M3V"
3145;"Contrilla";498,385;3098;0,2;0,64;NA;"M3V"
1760;"Morningside";171,72;4391;0,6;NA;0,23;"K2V"
3070;"Mostaganem";1001,515;3320;0,3;0,54;0,02;"M0V"
1583;"Mandaree";358,853;2605;0,4;0,38;0,07;"M5V"
3127;"Moroney";517,095;3011;NA;0,42;0,01;"M2V"
2699;"Voehn";630,055;3044;0,3;0,35;0,06;"M1V"
1017;"Guldra";475,138;3882;0,7;0,76;0,31;"K6V"
2249;"Saunemin";252,457;2514;0,4;0,44;0,02;"M7V"
2079;"Pula";354,679;2593;0,2;0,08;0,07;"M3V"
1801;"Nashuar";224,427;4081;0,6;0,7;0,12;"K6V"
772;"Edwards";135,992;3047;0,4;0,1;0,01;"M2V"
2760;"Windhoek";563,6;2661;0,2;0,51;0,01;"M1V"
416;"Buena";402,015;5236;0,8;0,99;0,96;"G2V"
2060;"Praxton";563,038;3441;0,4;0,47;0,07;"M0V"
821;"Escobas";251,033;4621;0,6;0,73;0,37;"K3V"
87;"Alpha Eridani";83,787;3138;0,1;0,16;0,08;"M2V"
2397;"Stantsiya";393,387;2688;0,1;0,33;0,04;"M1V"
2618;"Ulan Batar";146,816;2727;0,4;0,57;0,08;"M3V"
63;"Alekseyevka";443,369;3836;0,6;0,9;0,57;"K5V"
2855;"Fasa";1632,008;2651;0,4;0,65;0,03;"M0V"
499;"Ceará";391,473;2529;0,4;0,1;0,03;"M3V"
1052;"Hansii";368,483;2772;0,3;0,61;0,04;"M4V"
1419;"Kufstein";341,607;3325;0,3;0,08;0,03;"M0V"
586;"Connaught";67,654;2647;0,3;0,48;0,02;"M3V"
1823;"New Crete";204,428;2411;0,1;0,13;0,04;"M5V"
2809;"Zacatecoluca";443,085;2766;0,4;0,67;0,02;"M3V"
1892;"Norn";399,746;3956;0,7;0,78;0,46;"K7V"
1623;"Matamoras";430,949;2576;0,1;0,12;0,04;"M3V"
65;"Alexandria";129,525;3196;0,4;0,38;NA;"M2V"
1218;"Itabaiana";332,811;3955;0,7;0,88;0,52;"K0V"
2485;"Tantallon";488,941;2599;0,1;0,25;0,07;"M4V"
13;"Abushiri";422,123;4062;0,5;0,91;0,57;"K6V"
117;"Amiga";185,564;2850;0,3;0,37;0,07;"M1V"
705;"Diamantina";330,259;2769;0,3;0,15;0,02;"M5V"
1038;"Halgrim";644,72;2957;0,4;0,18;0,06;"M5V"
2219;"Saltural";256,829;3074;0,4;0,25;0,08;"M4V"
1565;"Maia";387,893;3999;0,7;0,73;NA;"K6V"
2232;"Sanurcha";482,897;3984;0,5;0,9;0,52;"K6V"
1554;"Mackolla";647,016;3231;0,3;0,28;NA;"M3V"
252;"Banfora";363,172;2486;0,1;0,23;NA;"M5V"
1594;"Mansfield";399,634;2484;0,4;0,46;0,05;"M4V"
2009;"Pentvar";328,657;4575;0,7;0,76;0,13;"K2V"
561;"Circinus";394,259;4071;0,6;0,78;0,55;"K5V"
1296;"Karbala";198,101;3779;0,5;0,91;0,46;"K7V"
1223;"Izar";114,389;2629;0,4;0,63;0,05;"M7V"
2258;"Schererville";350,463;2841;0,4;0,59;0,06;"M4V"
180;"Armstrong";488,465;2884;0,4;0,62;0,05;"M3V"
1257;"Johnsondale";162,424;2481;0,1;0,57;0,02;"M2V"
2291;"Shaobuon";416,492;3124;0,2;0,16;0,03;"M2V"
2407;"Stellaris";318,335;3405;0,2;0,39;0,06;"M1V"
712;"Die Moot";415,323;3234;0,2;0,69;0,05;"M3V"
693;"Derf";415,791;5248;0,8;1,13;1,47;"G5V"
2268;"Sebha";590,961;2818;0,4;0,31;0,07;"M4V"
238;"Bahl's Retreat";221,821;4270;NA;0,76;0,15;"K5V"
1148;"Huanghuadian";434,243;4454;0,7;0,9;0,13;"K2V"
2155;"Rigil Kentarus";3,819;4124;0,7;0,75;0,13;"K5V"
3154;"Chaadan";508,714;4213;0,7;0,79;0,4;"K3V"
2113;"Ramen";155,499;4253;0,7;0,94;0,45;"K5V"
2195;"Rypful";625,123;2991;0,2;0,69;NA;"M3V"
2751;"Westphalia";162,613;4003;0,8;0,72;0,42;"K7V"
1577;"Mallory's World";111,558;2658;0,3;0,53;0,05;"M3V"
443;"Callison";64,34;3198;0,3;0,6;0,02;"M3V"
2163;"Rochers";278,92;2641;0,2;0,22;0,01;"M0V"
1241;"Jaumegarde";171,526;3086;0,3;0,07;0,05;"M2V"
3001;"Lynn";1024,177;3407;0,4;0,29;0,03;"M2V"
874;"Finsterwalde";290,373;4110;0,6;0,86;0,49;"K6V"
1188;"Imbros";34,14;2437;0,4;0,16;0,03;"M4V"
298;"Belluevue";79,895;4443;0,6;0,84;0,37;"K0V"
2949;"Ironhold";1745,613;2481;0,4;0,42;0,07;"M2V"
2532;"Thibodaux";576,214;5449;NA;NA;0,92;"G2V"
1879;"Nito";601,481;2915;0,3;0,32;0,07;"M5V"
2298;"Shaunavon";360,987;5561;0,8;1,03;1,42;"G3V"
2106;"Radstadt";319,322;2843;0,2;0,62;0,01;"M3V"
1612;"Maritgues";233,909;3942;0,8;0,92;0,36;"K7V"
1214;"Isfahan";488,312;3814;0,6;0,93;0,59;"K5V"
1896;"Notwina";352,971;5623;1;1,11;0,63;"G2V"
2311;"Shimonoseki";326,851;3928;0,5;0,75;0,13;"K6V"
202;"Atreus";251,654;2599;0,1;0,54;0,02;"M6V"
2244;"Sarpsborg";153,108;5525;0,8;1,01;0,62;"G4V"
1152;"Hun Ho";285,115;3147;0,3;0,64;0,02;"M1V"
2911;"Marknick";694,387;2664;0,2;0,1;0,05;"M5V"
1864;"Nexus Ri";466,121;2532;0,4;0,52;0,06;"M5V"
1130;"Homestead";289,467;4429;0,5;0,95;0,12;"K2V"
529;"Chebanse";247,557;3734;0,6;0,91;0,46;"K5V"
1026;"Haappajarvi";277,073;5668;0,9;NA;1,27;"G2V"
2725;"Washburn";186,768;3037;0,1;0,55;0,06;"M2V"
2928;"Arcadia";1612,952;5240;0,9;1,09;1,47;"G5V"
395;"Brisbane";427,829;4125;0,5;0,78;0,44;"K2V"
1009;"Grossbach";480,268;3948;NA;0,88;0,5;"K3V"
1854;"New Syrtis";376,217;4099;0,7;0,74;0,53;"K3V"
1527;"Luanda";522,453;2485;0,4;0,59;0,06;"M2V"
1325;"Kendall";421,178;5044;0,7;0,95;0,36;"K0V"
2587;"Trolloc Prime";174,345;2604;0,2;0,59;0,02;"M2V"
1486;"Leyland";499,622;4115;0,6;0,93;0,28;"K5V"
2383;"Sparta";302,14;2542;0,3;0,31;0,05;"M3V"
1200;"Ingvolstand";590,429;2735;0,3;NA;0,04;"M2V"
2836;"Zhaomaon";428,931;4156;0,6;0,77;0,25;"K2V"
48;"Al Hillah";180,502;4178;NA;0,84;0,34;"K2V"
283;"Beckars";526,153;3089;0,2;0,58;0,05;"M2V"
295;"Belladonna";290,927;2453;0,2;0,46;0,05;"M5V"
1411;"Kreller";357,934;2423;0,2;0,14;0,06;"M5V"
611;"Courchevel";357,664;2616;0,2;0,69;0,02;"M2V"
1005;"Griffith";342,403;3094;0,3;0,65;0,07;"M1V"
421;"Butler";395,927;3551;0,1;0,19;0,05;"M1V"
1352;"Killbourn";14,06;2421;0,3;0,49;0,05;"M1V"
2069;"Princton";414,151;3204;0,4;0,46;0,05;"M2V"
2056;"Potwin";308,246;2926;0,1;0,07;0,06;"M2V"
3122;"Saggina";2093,491;2426;0,3;0,35;0,05;"M2V"
482;"Carnwath";103,787;4147;0,5;0,78;0,43;"K3V"
1267;"Jubka";398,759;3319;0,3;0,33;0,08;"M2V"
2289;"Shahr Kord";431,611;3219;0,4;0,35;0,03;"M2V"
2531;"Thestria";301,629;2412;0,2;0,23;0,01;"M8V"
1849;"New Sapporo";533,851;5553;0,8;0,97;1,26;"G4V"
3013;"Idrmach";607,78;5611;1;1,05;0,93;"G4V"
2204;"Sadurni";344,7;2544;0,3;0,38;0,05;"M5V"
121;"Amu Darya";339,88;3261;0,2;0,3;0,03;"M2V"
708;"Dicallus";506,271;2892;0,4;0,51;0,01;"M4V"
806;"Enif";517,167;4670;0,7;0,92;0,17;"K2V"
2049;"Pomme De Terre";367,223;2776;0,4;NA;0,03;"M3V"
2162;"Rochelle";114,885;2703;0,4;0,35;0,03;"M5V"
2602;"Turinge";187,538;5439;0,8;1,14;0,87;"G5V"
729;"Domeyko";717,551;2929;0,4;0,22;0,07;"M5V"
2540;"Thurrock";389,33;2768;0,4;0,29;0,08;"M5V"
476;"Carlisle";317,67;3756;NA;0,93;0,55;"K6V"
1885;"Nogales";347,017;3248;0,4;0,25;0,03;"M1V"
1317;"Kearny";302,615;5366;1;1,13;1,07;"G3V"
2094;"Quiberas";499,087;4256;0,6;0,88;0,56;"K5V"
1924;"Offerman";575,698;2771;0,2;0,59;0,02;"M2V"
1985;"Pardeau";149,723;4337;0,6;0,91;0,57;"K2V"
2956;"Paxon";1880,977;3840;0,7;0,8;NA;"K3V"
2640;"Vaajakoski";197,836;5325;0,9;1,1;1,46;"G5V"
599;"Corfu";328,473;2480;0,3;0,11;0,08;"M7V"
2304;"Sheridan";187,744;3787;0,5;0,83;0,14;"K6V"
2778;"Wright";292,038;2777;0,1;0,59;0,08;"M4V"
3014;"Rondane";625,241;3814;0,6;0,95;0,42;"K5V"
1399;"Korvitz";351,167;2860;0,2;0,16;0,07;"M0V"
1395;"Konstance";98,458;2821;0,3;0,44;0,05;"M3V"
2365;"Snailzar";103,581;2975;0,2;0,13;0,08;"M5V"
2252;"Savonburg";498,346;5502;1;0,96;1,41;"G2V"
258;"Barcelona";459,609;3287;0,2;NA;0,07;"M2V"
1304;"Katla";346,193;2403;0,1;0,56;0,05;"M3V"
2356;"Skye";76,743;2544;0,4;0,13;0,07;"M7V"
1042;"Halloran";106,047;2407;0,3;0,64;0,07;"M4V"
1813;"New Ålborg";461,406;4465;0,5;0,76;0,54;"K3V"
2368;"Sodus";294,484;4315;0,8;0,72;0,12;"K5V"
1252;"Jiddah";365,767;2634;0,3;0,08;0,02;"M1V"
1335;"Kessel";84,732;5266;0,8;1,1;1,23;"G2V"
2486;"Tantara";272,425;2688;0,2;0,28;0,02;"M2V"
2454;"Sylvester";381,048;2550;0,1;0,42;0,06;"M3V"
2335;"Sikkim";468,619;2477;0,2;0,18;0,06;"M5V"
2754;"Whittington";150,419;4513;0,8;0,78;0,59;"K2V"
920;"Galedon";374,782;4073;0,7;NA;0,31;"K3V"
3137;"Mandalas";448,793;2710;0,3;NA;0,04;"M0V"
2433;"Summer";51,54;2537;0,1;0,42;0,06;"M8V"
1865;"Ngake";263,991;4182;0,8;0,9;0,45;"K3V"
2224;"San Carlos";601,903;2909;0,1;NA;0,03;"M3V"
2720;"Ward";414,519;2416;0,2;0,61;0,06;"M7V"
1909;"Numenor";303,528;2544;0,2;0,26;0,04;"M5V"
2993;"Goslar";999,013;2417;0,1;0,3;0,02;"M5V"
648;"Dainmar Majoris";488,176;3104;0,1;0,65;0,03;"M2V"
129;"Andelys";458,79;4236;0,8;0,88;0,21;"K5V"
850;"Far Reach";607,714;5407;0,8;1,09;0,78;"G2V"
2226;"Sanda";376,883;3191;0,1;0,16;0,04;"M2V"
1235;"Jardangal";618,339;2669;0,4;0,46;0,08;"M2V"
2084;"Qanatir";456,322;2743;0,1;0,27;0,06;"M2V"
3058;"Refuel Base Gamma";1124,007;2935;NA;0,27;NA;"M1V"
1099;"Herndon";401,596;3758;0,5;0,95;0,5;"K7V"
1757;"Morges";316,541;3076;0,2;0,51;0,03;"M2V"
95;"Alta";290,073;3179;0,2;0,18;0,01;"M2V"
1936;"Oli";203,745;4400;0,7;0,76;0,31;"K3V"
1010;"Grosvenor";363,576;3942;0,6;0,77;0,4;"K7V"
2316;"Shipton";539,764;2566;0,1;0,19;0,03;"M6V"
1762;"Morrill";397,281;5794;0,8;1;1,19;"G2V"
2374;"Son Hoa";422,626;2663;0,2;0,67;0,07;"M1V"
2813;"Zambezi";431,563;4259;0,6;0,91;0,59;"K3V"
1738;"Mokane";427,644;2726;0,2;0,1;0,06;"M6V"
474;"Caria";201,292;2856;0,2;0,66;0,07;"M5V"
2548;"Timehri";395,6;2715;0,4;0,09;0,02;"M2V"
1845;"New Rhodes";103,576;4639;0,7;0,86;0,47;"K2V"
260;"Barlow's End";310,951;3125;0,3;0,6;0,05;"M0V"
2669;"Venaria";404,873;4037;0,8;0,78;0,14;"K2V"
1423;"Kupang";563,943;2754;0,3;0,54;0,01;"M0V"
1518;"Lorkdal";543,522;2546;0,4;0,38;0,07;"M4V"
2868;"Logan Prime";536,04;2828;NA;0,13;0,05;"M2V"
1093;"Hephzibah";487,236;4259;0,7;0,81;0,19;"K2V"
37;"Afleir";51,367;2460;0,4;0,44;0,04;"M8V"
640;"Cylene";108,894;4477;0,5;0,94;0,1;"K0V"
1318;"Keeling";278,311;2730;0,3;0,57;0,03;"M5V"
2475;"Tamarind";281,545;3756;0,6;0,96;0,42;"K7V"
767;"Ebro";578,462;2484;0,2;0,37;0,08;"M8V"
3102;"Lemnos";1009,009;4695;0,7;0,96;0,29;"K3V"
1571;"Malaga";577,046;3231;NA;0,42;0,05;"M3V"
554;"Christiania";366,425;4248;0,8;0,95;0,48;"K5V"
2482;"Tania Australis";154,806;2491;0,3;0,2;0,05;"M5V"
536;"Chhaprauli";409,814;5111;0,7;0,8;0,56;"K0V"
2750;"Westover";370,149;4699;0,5;0,89;0,2;"K0V"
2400;"Stardawn";353,546;3054;NA;0,36;0,04;"M3V"
2822;"Zaurak";143,14;5532;0,9;1,1;0,98;"G5V"
1164;"Hyperion";277,742;5572;0,9;1,05;0,84;"G2V"
2803;"York";302,048;2748;0,4;0,19;NA;"M5V"
2013;"Perkasie";194,354;2543;0,2;0,25;0,04;"M4V"
2700;"Volders";292,777;2453;0,4;0,16;0,08;"M7V"
2578;"Trell";403,379;4002;0,5;0,71;0,37;"K5V"
1197;"Ingersoll";172,288;3845;0,5;0,83;0,3;"K3V"
2238;"Sardis";309,331;2626;0,4;0,6;0,02;"M5V"
1424;"Kurhah";118,435;3806;0,6;0,86;0,42;"K6V"
354;"Bodnath";303,338;3032;0,4;0,33;0,07;"M1V"
1839;"New Macao";144,856;4074;0,6;0,73;0,52;"K2V"
866;"Fianna";142,939;5241;1;1,15;1,2;"G2V"
53;"Albalii";105,922;2456;0,2;0,33;0,04;"M5V"
2203;"Sadalbari";144,287;3939;0,8;0,71;0,34;"K7V"
1507;"Logandale";147,645;3029;0,2;0,22;0,02;"M4V"
1355;"Kimi";413,929;2699;0,4;0,64;0,06;"M5V"
1694;"Miaplacidus";84,576;3254;0,3;0,64;0,03;"M0V"
2764;"Wingzar";483,736;3036;0,2;0,3;0,02;"M2V"
1809;"Nerum";665,532;2948;0,1;0,45;0,05;"M4V"
1971;"Palladaine";287,995;4269;0,6;0,86;0,41;"K3V"
2588;"Trondheim";411,701;3150;0,2;0,37;0,02;"M1V"
552;"Choudrant";340,676;2426;0,2;0,19;0,07;"M7V"
1821;"New Capetown";362,678;4672;0,7;0,86;0,29;"K2V"
2044;"Point Barrow";385,425;3950;0,8;0,8;0,42;"K6V"
1931;"Olafsvik";297,219;3331;0,2;0,41;0,07;"M1V"
1161;"Hyalite";444,651;4244;0,7;0,72;0,29;"K0V"
1509;"Logres";363,213;4319;0,6;0,89;0,27;"K0V"
1604;"Marcus";60,959;2429;0,3;0,21;0,02;"M7V"
1108;"Hickok";432,215;3761;0,6;0,88;0,29;"K7V"
376;"Boulsi";800,983;3790;0,7;0,76;0,13;"K2V"
62;"Alegro";453,517;2919;0,4;0,16;0,03;"M5V"
3085;"Rim Worlds Republic Outpost #4";1773,572;3754;0,7;0,77;0,47;"K0V"
832;"Evansville";295,871;5255;0,9;0,98;0,96;"G5V"
2688;"Villanueva";359,382;4273;0,5;0,9;0,48;"K5V"
2236;"Sappir";427,733;2724;0,1;0,59;0,01;"M2V"
2121;"Rasalas";177,601;5346;1;1,13;1,16;"G2V"
1151;"Humansville";553,836;5550;1;NA;0,71;"G2V"
2805;"Yufu";260,864;2405;0,3;0,31;0,06;"M7V"
2004;"Pec";273,978;4468;0,7;0,8;0,56;"K2V"
2310;"Shimonita";124,883;2713;0,2;0,46;0,04;"M4V"
2569;"Tortuga Prime";704,53;2847;0,2;0,21;0,07;"M3V"
3075;"Thala";972,585;4264;0,6;0,95;0,54;"K3V"
222;"Avranches";340,42;2905;0,3;0,54;0,01;"M1V"
2369;"Soilihull";193,816;4370;0,7;0,82;0,45;"K4V"
321;"Bharat";72,17;4111;0,6;0,76;0,55;"K3V"
685;"Delphos";323,952;2650;0,4;0,6;0,07;"M6V"
2010;"Perdido";460,796;2531;0,3;0,66;0,02;"M5V"
1174;"Igualada";311,943;2517;0,2;0,19;0,06;"M3V"
2133;"Reisterstown";349,102;4685;0,5;0,73;0,2;"K3V"
2713;"Waldheim";369,385;2758;0,3;NA;0,04;"M1V"
67;"Algate";497,709;2873;0,2;0,34;0,08;"M5V"
192;"Ashio";99,33;5782;0,9;NA;1,24;"G2V"
630;"Csesztreg";397,4;2687;0,3;0,24;0,04;"M7V"
2254;"Sax";374,603;5558;0,9;1,05;0,93;"G4V"
204;"Atria";54,082;4312;0,6;NA;0,47;"K5V"
1129;"Home";323,295;3770;0,7;0,88;0,32;"K7V"
74;"Alkaid";105,182;2869;0,2;NA;0,06;"M3V"
571;"Cohay";610,144;4310;0,5;0,8;0,21;"K2V"
322;"Bhykov";238,808;2985;0,2;0,16;0,03;"M2V"
937;"Gardnaus";345,161;5385;1;1,02;0,72;"G2V"
82;"Almach";118,119;2654;0,2;0,28;0,03;"M6V"
891;"Foochow";131,957;2504;0,4;0,58;0,07;"M4V"
2317;"Shira";739,367;4195;0,6;0,8;0,45;"K5V"
175;"Arlanda";484,991;3755;0,8;0,92;0,12;"K7V"
834;"Everett";175,414;2432;0,4;0,12;0,02;"M2V"
1700;"Midthun";391,18;3261;0,2;0,42;0,02;"M2V"
1578;"Manapire";304,311;2960;0,4;0,34;0,04;"M3V"
614;"Covington";390,202;2693;0,4;NA;0,05;"M5V"
700;"Devil's Rock";39,295;2972;0,1;0,07;0,01;"M2V"
3133;"Franmalin";629,866;3965;0,6;0,81;0,28;"K6V"
1046;"Hamilton";88,794;3222;0,4;0,53;0,06;"M2V"
1149;"Hudeiba";296,021;5543;1;1,14;1,36;"G2V"
1062;"Hartshill";520,448;3091;0,1;0,64;0,02;"M1V"
1783;"Mytilene";203,092;3167;0,3;0,27;0,01;"M3V"
2161;"Robsart";380,705;3144;0,3;0,22;0,08;"M3V"
1491;"Linden";782,786;2412;0,3;0,41;0,05;"M8V"
2370;"Sol";0;2861;0,2;0,56;0,02;"M5V"
375;"Bougie";549,755;5410;0,9;0,97;1,43;"G4V"
1371;"Kiyev";193,019;3241;0,3;0,65;0,05;"M1V"
1205;"Ionus";238,831;2669;NA;0,34;0,03;"M7V"
2279;"Senftenberg";208,994;2464;0,1;0,18;0,02;"M5V"
1162;"Hyde";162,376;3948;0,8;0,73;0,45;"K6V"
164;"Arcadia";268,762;2829;0,3;0,68;0,07;"M6V"
2848;"Zuhbehr";353,953;5755;NA;1,08;0,85;"G2V"
2063;"Pressby";215,809;2646;0,2;0,44;0,03;"M5V"
958;"Girondas";448,547;2728;0,4;0,58;0,07;"M5V"
2788;"Xieng Khouang";323,221;2938;0,1;0,69;0,05;"M3V"
2942;"Gatekeeper";1779,517;2552;0,2;0,21;0,06;"M2V"
1916;"Oberon";486,19;2620;0,1;0,24;0,03;"M5V"
2521;"Texlos";294,114;2734;0,3;0,46;0,07;"M5V"
730;"Dompaire";309,229;2508;0,2;0,53;0,05;"M5V"
2169;"Rohinjan";358,106;2725;NA;0,4;0,01;"M3V"
402;"Broken Wheel";561,755;2615;0,1;0,48;0,06;"M3V"
1307;"Kaumberg";413,871;2666;0,4;0,51;0,08;"M2V"
1353;"Kilmarnock";314,692;4197;0,7;NA;NA;"K3V"
709;"Dichell";579,927;3540;0,3;0,58;0,03;"M0V"
2222;"Salvende";698,133;2701;0,3;0,53;0,01;"M5V"
2188;"Rudolpho";556,476;2644;0,1;0,62;0,03;"M2V"
139;"Anjin Muerto";591,69;2621;0,3;0,3;0,02;"M2V"
2645;"Valasha";596,118;3325;0,2;0,12;0,06;"M2V"
1739;"Mokpo";321,189;3363;0,4;0,08;0,08;"M0V"
2175;"Rosamond";181,753;3199;0,2;0,2;0,03;"M2V"
1373;"Klamriz";206,093;2855;0,3;0,7;0,06;"M5V"
1097;"Hergazil";659,552;2822;0,1;0,35;0,02;"M5V"
2570;"Toten";575,543;2405;0,3;0,53;0,01;"M1V"
3054;"Joradian Cluster";1872,535;4067;0,6;0,81;0,18;"K3V"
115;"Ambergrist";270,737;2844;0,4;0,1;0,06;"M3V"
315;"Beten Kaitos";201,724;3957;NA;0,87;0,24;"K1V"
746;"Du Lac";381,017;2441;NA;0,42;0,06;"M2V"
627;"Crossing";257,684;4129;0,7;0,79;0,58;"K0V"
1141;"Howick";466,878;3313;0,1;0,67;0,06;"M2V"
1443;"Laconis";421,364;3182;0,3;0,26;0,03;"M3V"
1567;"Maison";351,586;5253;0,9;1,11;NA;"G4V"
1581;"Mandal";56,662;5286;1;1,02;0,71;"G5V"
594;"Coraines";527,511;2541;0,3;0,45;0,06;"M5V"
2567;"Tormentine";412,22;3111;0,4;0,33;0,05;"M4V"
1145;"Hsien";54,63;2804;0,3;0,48;0,05;"M4V"
291;"Belamor";300,235;3040;0,2;0,23;0,07;"M4V"
124;"Anaheim";432,199;2528;0,3;0,53;NA;"M5V"
2554;"Tiruppur";346,676;2822;0,1;0,59;0,05;"M0V"
2594;"Tsinan";319,063;2899;0,3;0,43;0,05;"M5V"
2145;"Restitution";401,265;2586;0,2;0,63;0,01;"M1V"
2998;"Köln";1009,557;2552;0,3;0,23;0,06;"M3V"
3095;"Anglia";1015,357;2697;0,4;0,18;0,07;"M0V"
69;"Algol";93,819;2525;NA;0,16;0,07;"M2V"
2527;"Thazi";796,344;4083;0,6;0,9;0,36;"K6V"
73;"Alioth";60,559;4403;NA;0,94;0,13;"K4V"
6;"Abbeville";607,212;3117;0,1;0,43;NA;"M1V"
2419;"Strandfontein";451,661;2401;0,2;0,66;0,04;"M5V"
2202;"Sadachbia";88,221;2754;0,3;0,49;0,01;"M1V"
2182;"Rowe";336,634;5638;0,9;1,07;1,49;"G2V"
385;"Braunton";270,161;5320;0,9;1,03;1,38;"G4V"
2297;"Shaun";332,358;2506;0,3;0,23;0,02;"M6V"
2940;"Delios";1805,006;4418;0,6;0,87;0,59;"K3V"
2154;"Ridgebrook";377,737;3770;0,8;0,79;0,5;"K2V"
1676;"Menke";343,107;3140;0,3;0,19;0,06;"M3V"
871;"Findal";584,066;5271;1;1,05;1;"G4V"
1777;"Murris";382,905;2702;0,1;0,53;0,05;"M3V"
1410;"Krakatau";349,279;2695;0,3;0,53;0,03;"M5V"
116;"Ambrose";483,665;3719;0,8;0,78;0,24;"K3V"
287;"Beid";273,758;3720;NA;0,84;0,1;"K4V"
1124;"Hollabrunn";210,99;3953;0,7;0,8;0,59;"K7V"
2770;"Wolof";337,413;2457;0,2;0,52;0,03;"M8V"
1037;"Halfway";266,805;5599;0,8;0,96;0,6;"G2V"
3065;"Illizi";1037,204;2408;0,1;0,3;0,07;"M8V"
588;"Conroe";388,068;4346;0,8;NA;0,33;"K5V"
2708;"Waddesdon";134,832;2781;0,4;0,56;0,04;"M6V"
1929;"Okaya";115,363;4250;0,5;0,73;0,09;"K2V"
508;"Cerillos";378,712;3420;0,3;0,17;0,02;"M1V"
80;"Allerton";263,502;2811;0,2;0,32;0,02;"M5V"
537;"Chiavenna";390,641;3017;0,4;0,6;0,07;"M2V"
2070;"Prinis Prime";527,614;2748;0,4;0,23;0,05;"M3V"
2299;"Shawnee";556,766;3068;0,2;0,24;0,08;"M1V"
2088;"Quantraine";499,698;2621;0,4;0,23;0,04;"M2V"
2487;"Tanz";690,763;4024;0,7;0,9;0,3;"K2V"
500;"Cebalrai";119,666;5252;0,9;1;1,1;"G5V"
2793;"Yangtze";87,323;2938;0,1;0,39;0,01;"M3V"
2643;"Vakarel";379,267;3941;0,6;0,8;0,11;"K0V"
378;"Bowang";353,084;4666;0,5;0,72;0,37;"K3V"
1225;"Jaboatao";525,95;2610;0,1;0,45;0,04;"M5V"
1293;"Kanto";435,849;5646;1;1,02;1,08;"G2V"
1961;"Outer Volta";353,846;2996;0,2;0,36;0,06;"M2V"
2609;"Tybalt";92,25;2542;0,1;0,5;0,05;"M7V"
340;"Blair Atholl";288,544;5514;0,8;1,13;0,84;"G5V"
2952;"Lum";1757,919;2681;0,3;0,68;0,04;"M4V"
914;"Gacrux";87,165;2613;0,1;0,3;0,07;"M4V"
1993;"Pasig";371,41;2507;0,2;0,44;0,05;"M6V"
2859;"Astrokaszy";428,893;2850;0,1;0,57;0,04;"M5V"
1630;"Maule";247,314;2421;0,4;0,43;0,07;"M7V"
1407;"Kountze";525,166;2473;0,4;0,57;0,01;"M6V"
1370;"Kitzingen";228,012;3409;0,4;0,28;0,03;"M2V"
1733;"Mkuranga";355,783;3811;0,8;0,92;0,35;"K6V"
595;"Corbeanca";422,446;2477;0,2;0,14;0,06;"M8V"
1669;"Melville";506,791;3707;0,5;0,94;0,35;"K7V"
1053;"Harbin";223,956;4498;0,7;0,89;0,53;"K2V"
1800;"Nashira";58,302;2732;0,3;0,16;0,07;"M2V"
449;"Camadeierre";456,738;2746;0,2;0,54;0,06;"M2V"
149;"Antipolo";285,096;4202;0,6;0,85;0,44;"K2V"
102;"Althastan";433,243;2704;0,2;0,34;0,04;"M5V"
2476;"Tamsalu";234,775;2551;0,3;0,48;0,02;"M3V"
2333;"Sigma Mare";315,003;3248;0,1;0,48;0,02;"M3V"
1036;"Halesowen";254,35;3435;0,3;0,69;0,04;"M1V"
386;"Breed";199,413;2918;0,3;0,38;0,06;"M1V"
2501;"Tawas";146,757;2955;0,1;0,36;0,06;"M5V"
44;"Aiguebelle";398,048;3958;0,6;0,86;0,42;"K2V"
3048;"Doggerbank";1033,575;2435;0,4;0,53;0,02;"M5V"
2970;"Zara";1800,775;5586;0,9;1,09;0,92;"G4V"
2480;"Tangua";410,358;4669;0,7;0,85;0,27;"K3V"
245;"Ballentine";237,533;3926;0,5;0,88;0,27;"K6V"
2170;"Rollis";411,883;2686;0,2;0,27;0,06;"M1V"
1666;"Melilla";572,121;2849;0,4;0,45;0,06;"M1V"
447;"Calseraigne";367,76;5399;0,9;1,14;1,38;"G4V"
880;"Flaum";453,727;3105;0,1;0,59;0,07;"M2V"
2331;"Sierra";426,148;5418;0,9;1,15;1,18;"G2V"
59;"Aldebaran";69,028;5439;0,9;1,05;0,76;"G4V"
1020;"Gunzburg";290,51;3417;0,3;0,23;0,08;"M0V"
2929;"Albion";1792,847;3211;0,2;0,14;0,04;"M3V"
649;"Dalcour";397,546;3748;0,5;0,81;0,41;"K5V"
3051;"Gurgaldar";1413,278;3802;NA;0,79;0,24;"K2V"
1842;"New Oslo";386,446;3464;0,4;0,27;0,03;"M0V"
2430;"Suk";257,777;2612;0,2;0,55;0,01;"M3V"
3010;"Chaine Cluster";615,431;3649;0,3;0,65;0,05;"M0V"
112;"Ambatomainty";722,916;3373;0,4;0,31;0,04;"M0V"
1735;"Mogabouti";530,728;2487;0,2;0,44;0,03;"M4V"
257;"Baranda";518,574;2483;0,4;0,69;0,04;"M8V"
2167;"Rocky";29,822;4516;0,5;0,72;0,25;"K2V"
1599;"Mara";122,062;4210;0,8;0,79;0,46;"K2V"
869;"Filtvelt";538,182;2516;0,3;0,48;0,03;"M2V"
2972;"Aragon";1310,844;2951;0,2;0,6;0,08;"M3V"
2435;"Summit";239,97;2887;0,4;0,39;0,08;"M5V"
1453;"Landmark";434,219;2475;0,4;0,53;0,04;"M2V"
3062;"Tansalir";1633,759;5070;0,7;0,81;0,49;"K0V"
1923;"O'Fallon";324,418;2610;0,2;0,17;0,01;"M5V"
1449;"Lancaster";145,538;5274;1;1,07;1,01;"G2V"
2912;"McEvans' Sacrifice";521,974;2944;0,1;NA;0,04;"M4V"
2264;"Schuyler";386,845;2527;0,3;0,36;0,02;"M2V"
2012;"Périgueux";352,384;3080;0,2;0,43;0,05;"M1V"
2733;"Wedderborg";479,88;2981;0,2;0,42;0,05;"M3V"
2821;"Zathras";399,333;2821;0,3;NA;0,03;"M5V"
2122;"Rasalgethi";216,273;3327;0,4;0,38;0,03;"M2V"
3120;"Pharos";796,049;4544;0,6;0,81;0,39;"K0V"
1336;"Kestrel";272,365;2966;0,1;0,59;0,08;"M0V"
1088;"Hellos Minor";259,14;3140;0,2;0,67;0,06;"M2V"
7;"Abejorral";325,319;2537;0,2;0,42;0,07;"M4V"
1231;"Jamestown";433,938;5753;1;0,99;1,36;"G2V"
79;"Alleghe";406,17;4294;0,8;0,76;0,51;"K2V"
1047;"Hamilton";268,352;2501;0,3;0,47;0,07;"M8V"
1328;"Kent";704,97;3231;0,2;0,18;0,03;"M3V"
2553;"Tiruchchirappalli";463,505;2451;0,3;0,47;0,01;"M7V"
1441;"Lackhove";474,296;3299;0,2;0,3;0,07;"M2V"
1;"A Place";298,999;4324;0,6;0,72;0,29;"K0V"
1858;"New Vandenburg";434,541;2441;0,1;0,13;0,03;"M3V"
2659;"Vanra";170,201;2925;0,3;0,28;0,03;"M3V"
2303;"Sheratan";46,156;4535;0,6;0,93;0,55;"K3V"
34;"Adrian";450,134;4838;0,5;0,84;0,32;"K2V"
302;"Benjamin";182,944;4660;0,7;0,9;0,18;"K2V"
1498;"Lintz";220,902;5286;1;1,12;1,11;"G2V"
1031;"Haggard";480,751;2843;0,3;0,43;0,04;"M2V"
684;"Delos";616,325;2413;0,1;0,48;0,02;"M3V"
2325;"Shui-pào";134,49;2842;0,4;0,62;0,03;"M3V"
177;"Arluna";436,74;4119;0,5;0,93;0,33;"K2V"
524;"Charleywood";276,572;2630;0,2;0,54;0,05;"M1V"
2241;"Sarkel";132,944;5209;0,8;1,05;0,74;"G2V"
2353;"Skokie";325,231;5409;0,8;1,03;NA;"G4V"
530;"Chengdu";172,906;2858;0,2;0,59;0,03;"M2V"
1175;"Iijima";288,222;2759;0,2;0,21;0,02;"M5V"
1219;"Itica";378,544;2625;0,4;0,55;0,03;"M5V"
3144;"Amnesty";431,486;2911;0,1;0,64;0,01;"M2V"
2066;"Preston";234,936;3224;0,4;0,15;NA;"M2V"
1537;"Lushann";471,15;2434;0,3;NA;0,03;"M7V"
1925;"Ogano";226,856;3959;0,8;0,88;0,16;"K1V"
1703;"Milligan";476,671;3117;0,3;0,48;0,06;"M1V"
1461;"Last Chance";503,18;2534;0,2;0,61;0,04;"M8V"
1688;"Mersa Matruh";213,619;2733;0,1;0,22;0,08;"M6V"
2693;"Vipaava";375,662;3339;0,3;0,37;0,03;"M2V"
2396;"Stanley";428,409;3022;0,3;0,16;0,01;"M4V"
2005;"Pell";335,266;5689;0,9;1,12;1,38;"G2V"
1160;"Hyades Cluster";433,995;5610;0,8;1,01;0,96;"G2V"
3113;"Interstellar Expeditions Base #22";1900,682;4033;0,5;0,8;0,51;"K2V"
478;"Carmelita";786,3;4042;0,5;0,74;0,59;"K6V"
962;"Glabach";456,417;5372;0,9;1,04;1,35;"G4V"
2134;"Relevow";200,966;2674;0,4;0,17;0,07;"M0V"
2075;"Propus";184,226;3016;0,1;0,49;0,06;"M1V"
275;"Battaraigi";532,323;2773;0,4;NA;0,06;"M2V"
1647;"Meacham";189,544;2793;0,4;NA;0,03;"M4V"
2881;"Aea";453,838;3177;0,4;0,45;0,03;"M2V"
872;"Finmark";524,52;2461;NA;0,14;0,04;"M1V"
1157;"Hurik";403,869;3833;0,8;0,9;0,38;"K4V"
394;"Brinton";432,987;3726;0,6;0,91;0,42;"K7V"
900;"Fredotto";587,427;4278;0,6;0,77;0,28;"K5V"
1495;"Linhauiguan";426,015;2576;0,2;0,17;0,03;"M1V"
2756;"Wilkes";346,179;2464;0,2;0,55;0,02;"M8V"
2854;"EC821-387D";1744,888;5433;0,9;1,08;0,96;"G4V"
813;"Epsilon Eridani";28,075;4684;0,7;0,77;0,44;"K2V"
2525;"Thannhausen";292,173;2444;0,3;0,28;0,02;"M8V"
1939;"Oliver";32,57;2633;0,3;0,48;0,03;"M3V"
2730;"Waypoint";522,306;3943;0,7;0,83;0,42;"K5V"
3153;"Cassilda";419,242;2765;0,3;0,16;0,08;"M4V"
1635;"Mayenne";598,071;3190;0,3;0,28;0,08;"M0V"
1930;"Okefenokee";610,668;2614;0,3;0,44;0,01;"M2V"
1696;"Michtal";620,463;3037;0,2;0,63;0,06;"M3V"
1076;"Hechnar";31,041;5814;0,8;1,08;1,15;"G2V"
2883;"Argos";515,823;4327;0,7;0,79;0,53;"K2V"
1510;"Loikaw";755,668;3876;0,8;0,9;0,55;"K6V"
670;"Ddraig";766,04;2967;0,1;0,49;0,04;"M0V"
1597;"Manx";365,556;2564;0,1;0,19;0,04;"M2V"
839;"Fagerholm";372,14;3812;0,7;0,71;0,54;"K2V"
3056;"Landrum";1265,21;3242;0,1;0,59;NA;"M3V"
2837;"Zhongshan";383,677;2546;0,2;0,4;NA;"M6V"
1262;"Joshua";638,782;5748;1;1,09;1,19;"G2V"
2348;"Skandia";252,494;5586;0,9;1,1;0,64;"G2V"
1119;"Hobson";355,699;5528;0,9;1,01;0,86;"G4V"
1364;"Kirkvåg";323,62;2755;0,3;0,07;0,07;"M4V"
93;"Alsek";395,369;2672;0,3;0,52;0,07;"M4V"
507;"Cerignola";435,399;3797;0,7;0,81;0,18;"K1V"
1980;"Panzyr";438,292;5454;1;0,96;1,42;"G2V"
959;"Gitarama";725,973;2681;0,3;0,24;0,04;"M3V"
1534;"Lukla";231,841;3155;0,2;0,35;0,05;"M2V"
3079;"Interstellar Expeditions Base #6";1297,62;3985;0,7;0,78;0,45;"K7V"
1311;"Kautokeino";394,552;3101;0,4;0,15;0,02;"M2V"
955;"Gillingham";543,516;2808;0,3;0,31;0,03;"M5V"
2083;"Qalzi";465,835;3898;0,6;0,86;0,14;"K5V"
2738;"Weippe";441,667;3180;0,3;0,29;0,02;"M2V"
2598;"Tuamotu";299,675;3918;0,5;0,86;0,31;"K7V"
503;"Celentaro";487,178;2917;NA;0,49;0,07;"M2V"
2509;"Tellman";546,04;2707;0,2;0,58;0,04;"M3V"
2734;"Wedgefield";405,478;2664;0,2;0,19;0,06;"M7V"
913;"Gabenstad";530,542;3220;0,2;0,4;0,05;"M1V"
453;"Camlann";279,953;3278;0,2;0,53;0,02;"M2V"
2367;"Sodertalje";547,133;3000;0,1;0,66;0,06;"M3V"
2767;"Wittington";437,116;3995;0,7;0,77;0,34;"K4V"
2054;"Port Vail";546,183;5635;0,9;0,97;0,63;"G2V"
1077;"Hednesford";431,594;2804;0,3;0,17;0,05;"M3V"
2682;"Vicente";454,397;4656;0,8;0,84;0,14;"K2V"
3029;"Santiago";1000,343;2451;0,1;0,54;0,02;"M3V"
403;"Bromhead";409,885;2951;0,2;0,23;0,04;"M3V"
142;"Annapolis";210,25;2452;0,3;0,51;0,03;"M1V"
380;"Brabent";259,561;2636;0,3;0,67;0,08;"M5V"
2165;"Rockland";445,231;3960;0,5;0,72;0,29;"K0V"
1182;"Illyria";473,967;4051;0,6;0,84;0,31;"K2V"
837;"Exeter";188,604;2896;0,4;0,51;NA;"M0V"
167;"Arcturus";191,109;2503;0,1;0,35;0,01;"M8V"
450;"Cambiano";426,772;2449;0,2;0,41;0,04;"M5V"
2200;"Sabik";58,472;3771;0,6;0,8;0,5;"K5V"
1394;"Konopiste";288,934;2715;0,4;0,35;0,07;"M0V"
27;"Adelaide";402,691;4536;0,8;0,8;0,15;"K0V"
2795;"Yardley";267,86;5003;0,7;0,77;0,14;"K1V"
134;"Angell";129,287;4549;0,8;0,9;0,35;"K3V"
350;"Blumenort";362,623;2769;0,2;0,36;0,03;"M6V"
2342;"Simpson Desert";289,177;3086;0,3;0,42;0,05;"M3V"
1024;"Gwynedd";536,196;3338;0,2;0,33;0,02;"M2V"
3111;"Frobisher";598,709;2464;0,1;0,69;0,04;"M1V"
1750;"Montour";479,145;3492;0,4;0,28;0,05;"M1V"
2504;"Tchamba";335,189;3390;0,4;0,66;0,03;"M2V"
782;"El Kerak";375,541;4002;0,8;0,79;0,56;"K7V"
440;"Caledonia";126,607;4368;0,7;0,9;0,49;"K2V"
637;"Cussar";185,663;2668;0,3;0,11;0,06;"M4V"
262;"Barstow";175,434;2702;0,1;0,08;NA;"M6V"
3162;"Peratallada";524,828;4363;0,6;0,95;0,09;"K2V"
3004;"Stettin";1247,706;3186;0,1;0,11;0,05;"M2V"
2453;"Sylvan";423,158;2937;0,2;0,1;0,01;"M0V"
1412;"Krenice";237,188;5616;0,9;1,08;0,89;"G4V"
2519;"Tetschner";307,793;3119;0,1;0,4;0,03;"M0V"
612;"Courtney";283,773;5326;0,8;1,07;1,03;"G2V"
1674;"Menkalinan";70,618;2564;0,2;0,5;0,03;"M1V"
1973;"Palm";480,801;2434;0,1;0,3;0,07;"M2V"
118;"Amity";132,585;2400;0,1;0,69;0,02;"M0V"
1808;"Neosho";550,399;4008;0,5;0,76;0,4;"K2V"
3118;"Mizdargh";1397,117;2848;0,3;0,26;0,03;"M5V"
1952;"Oshika";297,334;4809;0,7;0,86;0,17;"K2V"
1891;"Norman's World";483,994;2499;0,2;0,33;0,04;"M2V"
572;"Colchester";305,568;4155;0,5;0,78;0,48;"K0V"
426;"Cabanatuan";535,102;3113;0,3;0,14;0,08;"M3V"
1530;"Lucknow";344,91;3356;0,3;0,4;0,02;"M2V"
1332;"Kern";404,238;2917;NA;0,35;0,04;"M5V"
2341;"Simone";541,312;2422;NA;0,43;0,04;"M8V"
2283;"Sertar";428,098;3872;0,7;0,7;0,12;"K6V"
1689;"Merton";411,152;3825;0,6;0,78;0,29;"K6V"
2614;"Ueda";208,408;2615;0,2;NA;0,02;"M6V"
28;"Adelson";532,641;2782;0,4;0,24;0,04;"M1V"
250;"Ban Na San";422,107;5403;0,9;1,13;1,22;"G5V"
1451;"Lande";508,116;2623;0,2;NA;0,03;"M5V"
3146;"Eliat";514,729;2637;0,4;0,46;0,06;"M2V"
1935;"Oldsmith";318,905;2725;0,1;0,64;0,07;"M2V"
2969;"York";1808,4;2781;0,4;0,48;0,02;"M5V"
309;"Bernardo";96,943;3880;0,6;0,96;0,26;"K2V"
605;"Corsica Nueva";298,809;2418;0,1;0,12;0,05;"M8V"
2391;"St. Ives";240,779;5708;0,9;0,99;1,44;"G2V"
1587;"Mangor";401,097;4250;0,8;0,81;0,56;"K3V"
805;"Engadine";499,328;2799;0,4;0,55;0,05;"M6V"
2907;"Independence";508,458;2449;0,3;0,52;0,06;"M8V"
2832;"Zelski";536,198;2660;0,2;NA;0,04;"M3V"
367;"Borden";374,284;2803;0,3;0,08;0,01;"M5V"
2413;"Stewart";130,008;2568;0,2;0,14;0,07;"M7V"
1478;"Leoben";407,373;2831;0,2;0,58;0,07;"M5V"
2563;"Tomans";228,019;2403;0,1;0,62;0,05;"M5V"
1208;"Irece";344,391;4560;0,5;0,77;0,37;"K0V"
1728;"Miyako";341,695;2818;NA;0,6;0,08;"M5V"
1095;"Herbania";480,47;2769;0,2;0,25;0,01;"M3V"
716;"Dì-fang";297,626;2791;0,2;0,22;0,02;"M5V"
2626;"Umijiri";163,281;2594;0,4;0,62;0,06;"M2V"
2797;"Yed Prior";138,676;5297;1;1;1,44;"G5V"
1719;"Mirach";112,104;3563;0,2;0,54;NA;"M0V"
2703;"Vortalcoy";491,941;3975;NA;0,92;0,2;"K7V"
885;"Florarda";258,921;2635;0,2;0,51;0,01;"M4V"
372;"Bossangoa";782,67;4804;0,5;0,86;0,36;"K0V"
1502;"Loburg";324,879;4666;0,6;0,96;0,11;"K2V"
2576;"Traussin";479,612;3703;0,7;0,91;0,48;"K2V"
462;"Canopus";421,522;4061;0,6;0,71;0,56;"K6V"
535;"Chesterton";135,698;5494;0,9;1,01;1,4;"G5V"
2874;"New Venice";556,301;4107;0,7;0,81;0,42;"K0V"
600;"Coriscana";217,338;4016;0,7;0,94;0,24;"K6V"
277;"Baxter";116,922;3831;0,5;0,87;0,15;"K0V"
263;"Bartrock";608,951;2752;0,2;0,7;0,02;"M5V"
1378;"Kluane";279,713;3234;0,4;0,33;0,01;"M2V"
2935;"Atreus";1735,733;2712;NA;0,64;0,01;"M3V"
456;"Campbelton";202,328;2969;0,2;0,26;0,03;"M2V"
424;"Bye's Ship";553,795;3359;0,3;0,36;0,07;"M2V"
3107;"Chaffee";1779,52;3245;0,1;0,16;0,07;"M2V"
800;"Emporia";256,745;2439;0,1;0,57;0,04;"M1V"
1718;"Mira";115,735;2614;0,2;0,16;0,07;"M2V"
2384;"Spencer";489,507;2593;0,4;0,45;0,07;"M5V"
2629;"Unity";364,766;2761;0,1;0,66;0,01;"M5V"
2885;"Blackbone";499,083;2623;0,3;0,25;0,04;"M0V"
1745;"Monongahela";233,826;4353;0,5;0,81;0,2;"K3V"
2976;"Galicia";1322,66;5252;1;1,07;0,89;"G5V"
89;"Alphecca";77,664;2707;0,4;0,19;0,02;"M4V"
888;"Flychenia";208,019;3876;0,6;0,84;0,12;"K5V"
1476;"Leiston";292,421;3172;0,2;0,53;0,06;"M2V"
2925;"The Rock";507,196;3805;0,5;0,78;0,34;"K4V"
3139;"Trondheim";780,505;3225;0,3;0,37;0,06;"M3V"
1785;"Nadrin";348,528;4645;0,8;0,95;0,27;"K0V"
465;"Capella";176,33;2598;0,3;0,69;0,06;"M3V"
1458;"Larned";295,318;4473;0,7;0,92;0,26;"K0V"
2293;"Sharpe";217,003;2938;0,1;0,19;0,01;"M2V"
522;"Chara";29,91;2736;0,3;0,27;0,05;"M2V"
2717;"Wantorill";314,683;2893;0,3;0,15;0,05;"M3V"
657;"Daneshmand";194,869;2979;0,2;0,57;0,03;"M2V"
965;"Glengarry";108,729;4642;0,5;0,81;0,11;"K2V"
1465;"Launam";167,677;2404;0,3;0,66;0,06;"M5V"
2451;"Swartklip";487,555;3117;0,3;0,37;0,01;"M1V"
1071;"Hazelhurst";553,938;3599;0,1;0,63;0,08;"M0V"
2847;"Zosma";51,222;5377;0,8;1,05;1,34;"G5V"
984;"Goth Khakar";412,712;3224;0,2;0,57;0,02;"M3V"
701;"Devin";351,772;2633;0,1;0,4;0,08;"M7V"
1975;"Palos";134,632;2698;0,2;0,25;0,05;"M3V"
304;"Bentley";233,865;3838;0,7;0,78;0,33;"K7V"
1280;"Kajikazawa";167,797;2588;0,3;0,43;0,01;"M4V"
1501;"Ljugarn";231,734;2594;0,1;0,24;0,03;"M3V"
439;"Caledea";356,012;3037;0,4;0,6;0,04;"M2V"
3097;"Dania";965,732;2972;0,3;0,46;0,01;"M3V"
2315;"Shipka";136,617;2480;0,4;0,25;0,06;"M4V"
504;"Centavido";449,868;2421;0,4;0,37;0,08;"M3V"
2679;"Vestallas";224,944;4239;0,8;0,72;0,14;"K2V"
152;"Aomen";323,666;2940;0,2;0,16;0,02;"M5V"
802;"Enchi";411,702;2689;0,2;0,18;0,03;"M4V"
823;"Espia";390,061;3262;0,4;0,13;0,07;"M2V"
1685;"Mermentau";522,843;3229;0,3;0,57;NA;"M3V"
2555;"Tishomingo";318,983;4538;0,6;0,79;0,22;"K2V"
337;"Black Earth";433,006;2678;0,4;0,35;0,03;"M7V"
214;"Austerlitz";530,094;4014;0,6;0,72;0,19;"K5V"
3015;"Valerius";478,527;2507;0,4;0,53;0,08;"M2V"
2320;"Shirotori";190,552;3060;0,2;0,38;NA;"M0V"
1339;"Keytesville";376,33;4595;0,8;0,85;0,41;"K2V"
272;"Bastrop";566,773;3030;0,1;0,34;0,08;"M3V"
2728;"Waxell";332,347;2838;0,2;0,69;0,02;"M3V"
1640;"McAlister";411,138;3876;0,6;0,85;0,19;"K7V"
2394;"St. Robert";434,616;3232;0,2;0,48;0,04;"M3V"
209;"August";169,534;3846;0,6;0,87;0,21;"K1V"
581;"Columbine";353,98;2797;0,4;0,47;NA;"M2V"
459;"Canal";486,867;3739;0,6;0,7;0,3;"K6V"
720;"Diosd";230,539;4314;0,5;0,92;0,37;"K3V"
1499;"Lipton";34,466;2611;0,3;0,22;0,03;"M1V"
2903;"Gant";555,882;3245;0,4;0,16;0,07;"M0V"
1341;"Khi";245,709;3246;0,4;NA;0,01;"M3V"
232;"Babuyan";239,961;2625;0,2;0,61;NA;"M7V"
1704;"Milligan's World";500,23;3209;0,2;0,58;0,06;"M0V"
2678;"Versailles";222,488;2882;0,1;0,57;0,03;"M5V"
2932;"Dagda";1609,301;2585;0,3;0,37;0,05;"M3V"
785;"Elbing";96,343;3265;0,2;0,34;0,05;"M0V"
1638;"Mazdru";334,621;2453;0,3;0,64;0,06;"M7V"
2953;"Marshall";1793,139;2905;0,3;0,21;0,04;"M2V"
1324;"Kempten";311,377;3304;0,2;0,21;0,01;"M2V"
1190;"Ina";438,829;2518;0,2;0,56;0,04;"M3V"
1127;"Holt";114,158;2575;0,4;0,67;NA;"M6V"
51;"Al Na'ir";67,731;2933;0,3;0,62;0,02;"M1V"
1881;"No Return";186,091;2810;0,4;0,31;0,02;"M4V"
1701;"Midway";320,287;3878;0,6;0,74;0,44;"K3V"
1393;"Koniz";275,729;2675;0,2;0,54;0,04;"M7V"
2146;"Revel";463,268;2797;0,1;0,46;0,01;"M5V"
3037;"Transfer Station J239H2";635,105;2822;0,2;0,22;NA;"M2V"
3150;"Balawat";509,143;2544;0,2;0,57;0,02;"M7V"
253;"Bangor";391,755;2788;0,4;0,25;0,05;"M1V"
778;"Eion";377,699;3891;0,6;0,88;0,39;"K1V"
1887;"Noisiel";342,071;4384;0,5;0,76;0,45;"K2V"
2955;"Niles";1710,975;3829;0,6;0,71;0,59;"K2V"
774;"Eguilles";236,068;2542;0,2;NA;0,01;"M5V"
1392;"Komephoros";98,1;2880;0,2;0,47;0,01;"M4V"
2561;"Tok Do";202,554;3048;0,1;0,3;0,06;"M1V"
1230;"Jaipur";330,667;3812;0,7;0,75;0,26;"K3V"
2030;"Pilpala";376,129;2699;0,1;NA;0,03;"M5V"
1746;"Monroe";405,723;2896;0,3;0,17;0,06;"M2V"
2542;"Tiber";192,517;2690;0,4;0,58;0,01;"M2V"
826;"Esztergom";256,264;4199;0,7;0,83;0,58;"K5V"
783;"Elba";516,187;2757;NA;0,47;0,04;"M5V"
2505;"Techne's Revenge";483,669;2936;0,1;0,5;0,05;"M4V"
109;"Alula Borealis";264,58;2638;0,2;0,52;0,05;"M4V"
1996;"Pattonsbrug";377,185;4158;0,6;0,92;0,09;"K6V"
1820;"New Canton";73,413;3240;0,1;0,43;0,02;"M2V"
2930;"Babylon";1605,647;2779;0,4;0,29;0,02;"M5V"
113;"Amber";471,531;2561;0,4;NA;0,04;"M5V"
1561;"Maestu";291,07;3860;0,8;0,77;0,11;"K5V"
1305;"Katlehong";333,063;2534;0,4;0,41;0,02;"M7V"
2941;"Foster";1733,744;2723;0,3;0,59;0,04;"M2V"
